timestamp, memory.used [MiB], temperature.gpu, power.draw [W], clocks.current.sm [MHz], clocks.current.memory [MHz], clocks_event_reasons.sw_power_cap, clocks_event_reasons.hw_slowdown, clocks_event_reasons.hw_thermal_slowdown, clocks_event_reasons.hw_power_brake_slowdown, clocks_event_reasons.sw_thermal_slowdown
2026/09/03 04:17:13.817, 2 MiB, 52, 95.56 W, 2910 MHz, 14001 MHz, Not Active, Not Active, Not Active, Not Active, Not Active
2026/09/03 04:17:14.021, 2 MiB, 52, 95.56 W, 2910 MHz, 14001 MHz, Not Active, Not Active, Not Active, Not Active, Not Active
2026/09/03 04:17:14.221, 2 MiB, 52, 95.56 W, 2910 MHz, 14001 MHz, Not Active, Not Active, Not Active, Not Active, Not Active
2026/09/03 04:17:14.422, 2 MiB, 50, 49.63 W, 757 MHz, 7001 MHz, Not Active, Not Active, Not Active, Not Active, Not Active
2026/09/03 04:17:14.622, 2 MiB, 50, 49.63 W, 757 MHz, 7001 MHz, Not Active, Not Active, Not Active, Not Active, Not Active
2026/09/03 04:17:14.822, 2 MiB, 50, 49.63 W, 757 MHz, 7001 MHz, Not Active, Not Active, Not Active, Not Active, Not Active
2026/09/03 04:17:15.022, 21 MiB, 50, 49.63 W, 757 MHz, 7001 MHz, Not Active, Not Active, Not Active, Not Active, Not Active
2026/09/03 04:17:15.223, 5452 MiB, 50, 49.63 W, 757 MHz, 7001 MHz, Not Active, Not Active, Not Active, Not Active, Not Active
2026/09/03 04:17:15.423, 7118 MiB, 55, 86.90 W, 2617 MHz, 13801 MHz, Active, Not Active, Not Active, Not Active, Not Active
2026/09/03 04:17:15.623, 7188 MiB, 55, 86.90 W, 2617 MHz, 13801 MHz, Active, Not Active, Not Active, Not Active, Not Active
2026/09/03 04:17:15.823, 7188 MiB, 55, 86.90 W, 2617 MHz, 13801 MHz, Active, Not Active, Not Active, Not Active, Not Active
2026/09/03 04:17:16.024, 7188 MiB, 59, 180.06 W, 2752 MHz, 13801 MHz, Active, Not Active, Not Active, Not Active, Not Active
2026/09/03 04:17:16.224, 7188 MiB, 59, 180.06 W, 2752 MHz, 13801 MHz, Active, Not Active, Not Active, Not Active, Not Active
2026/09/03 04:17:16.424, 7188 MiB, 58, 405.19 W, 2760 MHz, 13801 MHz, Active, Not Active, Not Active, Not Active, Not Active
2026/09/03 04:17:16.624, 7188 MiB, 58, 405.19 W, 2760 MHz, 13801 MHz, Active, Not Active, Not Active, Not Active, Not Active
2026/09/03 04:17:16.825, 7188 MiB, 58, 405.19 W, 2760 MHz, 13801 MHz, Active, Not Active, Not Active, Not Active, Not Active
2026/09/03 04:17:17.025, 7188 MiB, 58, 391.19 W, 2767 MHz, 13801 MHz, Active, Not Active, Not Active, Not Active, Not Active
2026/09/03 04:17:17.225, 7188 MiB, 58, 391.19 W, 2767 MHz, 13801 MHz, Active, Not Active, Not Active, Not Active, Not Active
2026/09/03 04:17:17.425, 7188 MiB, 55, 370.68 W, 2790 MHz, 13801 MHz, Not Active, Not Active, Not Active, Not Active, Not Active
2026/09/03 04:17:17.625, 7188 MiB, 55, 370.68 W, 2790 MHz, 13801 MHz, Not Active, Not Active, Not Active, Not Active, Not Active
2026/09/03 04:17:17.826, 7188 MiB, 55, 370.68 W, 2790 MHz, 13801 MHz, Not Active, Not Active, Not Active, Not Active, Not Active
2026/09/03 04:17:18.026, 7188 MiB, 59, 376.83 W, 2812 MHz, 13801 MHz, Active, Not Active, Not Active, Not Active, Not Active
2026/09/03 04:17:18.226, 7188 MiB, 59, 376.83 W, 2812 MHz, 13801 MHz, Active, Not Active, Not Active, Not Active, Not Active
2026/09/03 04:17:18.426, 7188 MiB, 59, 382.15 W, 2820 MHz, 13801 MHz, Active, Not Active, Not Active, Not Active, Not Active
2026/09/03 04:17:18.627, 8724 MiB, 59, 382.15 W, 2820 MHz, 13801 MHz, Active, Not Active, Not Active, Not Active, Not Active
2026/09/03 04:17:18.827, 8724 MiB, 59, 382.15 W, 2820 MHz, 13801 MHz, Active, Not Active, Not Active, Not Active, Not Active
2026/09/03 04:17:19.027, 8724 MiB, 59, 371.32 W, 2782 MHz, 13801 MHz, Active, Not Active, Not Active, Not Active, Not Active
2026/09/03 04:17:19.227, 8724 MiB, 59, 371.32 W, 2782 MHz, 13801 MHz, Active, Not Active, Not Active, Not Active, Not Active
2026/09/03 04:17:19.427, 8724 MiB, 61, 378.15 W, 2752 MHz, 13801 MHz, Active, Not Active, Not Active, Not Active, Not Active
2026/09/03 04:17:19.628, 8724 MiB, 61, 378.15 W, 2752 MHz, 13801 MHz, Active, Not Active, Not Active, Not Active, Not Active
2026/09/03 04:17:19.828, 8724 MiB, 61, 378.15 W, 2752 MHz, 13801 MHz, Active, Not Active, Not Active, Not Active, Not Active
2026/09/03 04:17:20.028, 8728 MiB, 59, 363.81 W, 2812 MHz, 13801 MHz, Active, Not Active, Not Active, Not Active, Not Active
2026/09/03 04:17:20.228, 8728 MiB, 59, 363.81 W, 2812 MHz, 13801 MHz, Active, Not Active, Not Active, Not Active, Not Active
2026/09/03 04:17:20.429, 8728 MiB, 61, 357.11 W, 2767 MHz, 13801 MHz, Active, Not Active, Not Active, Not Active, Not Active
2026/09/03 04:17:20.629, 8728 MiB, 61, 357.11 W, 2767 MHz, 13801 MHz, Active, Not Active, Not Active, Not Active, Not Active
2026/09/03 04:17:20.829, 8728 MiB, 61, 357.11 W, 2767 MHz, 13801 MHz, Active, Not Active, Not Active, Not Active, Not Active
2026/09/03 04:17:21.029, 8728 MiB, 59, 368.76 W, 2805 MHz, 13801 MHz, Active, Not Active, Not Active, Not Active, Not Active
2026/09/03 04:17:21.229, 8728 MiB, 59, 368.76 W, 2805 MHz, 13801 MHz, Active, Not Active, Not Active, Not Active, Not Active
2026/09/03 04:17:21.429, 8728 MiB, 60, 340.71 W, 2812 MHz, 13801 MHz, Active, Not Active, Not Active, Not Active, Not Active
2026/09/03 04:17:21.629, 8728 MiB, 60, 340.71 W, 2812 MHz, 13801 MHz, Active, Not Active, Not Active, Not Active, Not Active
2026/09/03 04:17:21.830, 8728 MiB, 60, 340.71 W, 2812 MHz, 13801 MHz, Active, Not Active, Not Active, Not Active, Not Active
2026/09/03 04:17:22.030, 8728 MiB, 57, 346.02 W, 2835 MHz, 13801 MHz, Not Active, Not Active, Not Active, Not Active, Not Active
2026/09/03 04:17:22.230, 8728 MiB, 57, 346.02 W, 2835 MHz, 13801 MHz, Not Active, Not Active, Not Active, Not Active, Not Active
2026/09/03 04:17:22.430, 8728 MiB, 59, 330.50 W, 2820 MHz, 13801 MHz, Active, Not Active, Not Active, Not Active, Not Active
2026/09/03 04:17:22.631, 8728 MiB, 59, 330.50 W, 2820 MHz, 13801 MHz, Active, Not Active, Not Active, Not Active, Not Active
2026/09/03 04:17:22.831, 8728 MiB, 59, 330.50 W, 2820 MHz, 13801 MHz, Active, Not Active, Not Active, Not Active, Not Active
2026/09/03 04:17:23.031, 8728 MiB, 61, 345.17 W, 2782 MHz, 13801 MHz, Active, Not Active, Not Active, Not Active, Not Active
2026/09/03 04:17:23.231, 8728 MiB, 61, 345.17 W, 2782 MHz, 13801 MHz, Active, Not Active, Not Active, Not Active, Not Active
2026/09/03 04:17:23.431, 8728 MiB, 55, 311.89 W, 2842 MHz, 13801 MHz, Not Active, Not Active, Not Active, Not Active, Not Active
2026/09/03 04:17:23.632, 8728 MiB, 55, 311.89 W, 2842 MHz, 13801 MHz, Not Active, Not Active, Not Active, Not Active, Not Active
2026/09/03 04:17:23.832, 8728 MiB, 55, 311.89 W, 2842 MHz, 13801 MHz, Not Active, Not Active, Not Active, Not Active, Not Active
2026/09/03 04:17:24.032, 8728 MiB, 60, 312.32 W, 2812 MHz, 13801 MHz, Active, Not Active, Not Active, Not Active, Not Active
2026/09/03 04:17:24.232, 8728 MiB, 60, 312.32 W, 2812 MHz, 13801 MHz, Active, Not Active, Not Active, Not Active, Not Active
2026/09/03 04:17:24.432, 14872 MiB, 55, 349.33 W, 2865 MHz, 13801 MHz, Not Active, Not Active, Not Active, Not Active, Not Active
2026/09/03 04:17:24.632, 14872 MiB, 55, 349.33 W, 2865 MHz, 13801 MHz, Not Active, Not Active, Not Active, Not Active, Not Active
2026/09/03 04:17:24.832, 14872 MiB, 55, 349.33 W, 2865 MHz, 13801 MHz, Not Active, Not Active, Not Active, Not Active, Not Active
2026/09/03 04:17:25.033, 14872 MiB, 54, 315.55 W, 2880 MHz, 13801 MHz, Not Active, Not Active, Not Active, Not Active, Not Active
2026/09/03 04:17:25.233, 14872 MiB, 54, 315.55 W, 2880 MHz, 13801 MHz, Not Active, Not Active, Not Active, Not Active, Not Active
2026/09/03 04:17:25.433, 14872 MiB, 60, 348.81 W, 2737 MHz, 13801 MHz, Active, Not Active, Not Active, Not Active, Not Active
2026/09/03 04:17:25.633, 14872 MiB, 60, 348.81 W, 2737 MHz, 13801 MHz, Active, Not Active, Not Active, Not Active, Not Active
2026/09/03 04:17:25.833, 14872 MiB, 60, 348.81 W, 2737 MHz, 13801 MHz, Active, Not Active, Not Active, Not Active, Not Active
2026/09/03 04:17:26.034, 14872 MiB, 56, 369.55 W, 2745 MHz, 13801 MHz, Not Active, Not Active, Not Active, Not Active, Not Active
2026/09/03 04:17:26.234, 14872 MiB, 56, 369.55 W, 2745 MHz, 13801 MHz, Not Active, Not Active, Not Active, Not Active, Not Active
2026/09/03 04:17:26.434, 14872 MiB, 55, 325.59 W, 2857 MHz, 13801 MHz, Not Active, Not Active, Not Active, Not Active, Not Active
2026/09/03 04:17:26.634, 14872 MiB, 55, 325.59 W, 2857 MHz, 13801 MHz, Not Active, Not Active, Not Active, Not Active, Not Active
2026/09/03 04:17:26.834, 14872 MiB, 55, 325.59 W, 2857 MHz, 13801 MHz, Not Active, Not Active, Not Active, Not Active, Not Active
2026/09/03 04:17:27.035, 14872 MiB, 60, 326.51 W, 2752 MHz, 13801 MHz, Active, Not Active, Not Active, Not Active, Not Active
2026/09/03 04:17:27.235, 14872 MiB, 60, 326.51 W, 2752 MHz, 13801 MHz, Active, Not Active, Not Active, Not Active, Not Active
2026/09/03 04:17:27.435, 14872 MiB, 55, 349.20 W, 2812 MHz, 13801 MHz, Not Active, Not Active, Not Active, Not Active, Not Active
2026/09/03 04:17:27.635, 14872 MiB, 55, 349.20 W, 2812 MHz, 13801 MHz, Not Active, Not Active, Not Active, Not Active, Not Active
2026/09/03 04:17:27.836, 14872 MiB, 55, 349.20 W, 2812 MHz, 13801 MHz, Not Active, Not Active, Not Active, Not Active, Not Active
2026/09/03 04:17:28.036, 14869 MiB, 53, 213.25 W, 2895 MHz, 13801 MHz, Not Active, Not Active, Not Active, Not Active, Not Active
