experiment,policy,ratio,run_id,evidence_class,callback_count,decision_count,matched_call_ids,callback_without_decision,decision_without_callback,default_count,bypass_count,enter_loop_count,unknown_action_count,policy_final_equal_count,candidate_final_equal_count,final_pages_mean,final_pages_median,final_pages_p95,final_pages_min,final_pages_max,candidate_pages_mean,policy_pages_mean
array_migration,custom_no_policy,na,20260812T211310Z_nsys_r1,GPU_EXT_PREFETCH_DECISION_TRACE,9968,9968,9968,0,0,9968,0,0,0,0,512,153.62600321027287,128.0,512.0,16,512,512.0,0.0
array_migration,custom_no_policy,na,20260812T211318Z_trace_r1,GPU_EXT_PREFETCH_DECISION_TRACE,9082,9082,9082,0,0,9082,0,0,0,0,512,149.94054173089629,128.0,512.0,16,512,512.0,0.0
array_migration,custom_no_policy,na,20260812T211322Z_nsys_r1,GPU_EXT_PREFETCH_DECISION_TRACE,10007,10007,10007,0,0,10007,0,0,0,0,512,154.0121914659738,128.0,512.0,16,512,512.0,0.0
array_migration,custom_no_policy,na,20260812T211330Z_trace_r1,GPU_EXT_PREFETCH_DECISION_TRACE,9233,9233,9233,0,0,9233,0,0,0,0,512,149.25419690241526,128.0,512.0,16,512,512.0,0.0
array_migration,custom_no_policy,na,20260812T211335Z_nsys_r1,GPU_EXT_PREFETCH_DECISION_TRACE,10012,10012,10012,0,0,10012,0,0,0,0,512,146.7183379944067,128.0,512.0,16,512,512.0,0.0
array_migration,custom_no_policy,na,20260812T211342Z_trace_r1,GPU_EXT_PREFETCH_DECISION_TRACE,9391,9391,9391,0,0,9391,0,0,0,0,512,141.47843680119263,128.0,512.0,16,512,512.0,0.0
array_migration,custom_no_policy,na,20260812T211347Z_nsys_r1,GPU_EXT_PREFETCH_DECISION_TRACE,18764,18764,18764,0,0,18764,0,0,0,0,768,137.96205499893412,128.0,256.0,16,512,512.0,0.0
array_migration,custom_no_policy,na,20260812T211355Z_trace_r1,GPU_EXT_PREFETCH_DECISION_TRACE,17578,17578,17578,0,0,17578,0,0,0,0,768,134.59733758106725,64.0,256.0,16,512,512.0,0.0
array_migration,prefetch_adaptive_sequential,na,20260812T211705Z_nsys_r1,GPU_EXT_PREFETCH_DECISION_TRACE,6792,6792,6792,0,0,0,6792,0,0,6792,0,146.05241460541814,153.0,153.0,0,153,512.0,146.05241460541814
array_migration,prefetch_adaptive_sequential,na,20260812T211714Z_trace_r1,GPU_EXT_PREFETCH_DECISION_TRACE,5674,5674,5674,0,0,0,5674,0,0,5674,0,160.67941487486783,153.0,220.0,0,220,512.0,160.67941487486783
array_migration,prefetch_adaptive_sequential,na,20260812T211719Z_nsys_r1,GPU_EXT_PREFETCH_DECISION_TRACE,6618,6618,6618,0,0,0,6618,0,0,6618,0,146.16757328498036,153.0,153.0,0,153,512.0,146.16757328498036
array_migration,prefetch_adaptive_sequential,na,20260812T211728Z_trace_r1,GPU_EXT_PREFETCH_DECISION_TRACE,5390,5390,5390,0,0,0,5390,0,0,5390,0,162.92801484230057,153.0,220.0,0,220,512.0,162.92801484230057
array_migration,prefetch_adaptive_sequential,na,20260812T211733Z_nsys_r1,GPU_EXT_PREFETCH_DECISION_TRACE,6763,6763,6763,0,0,0,6763,0,0,6763,0,146.31908916161467,153.0,153.0,0,153,512.0,146.31908916161467
array_migration,prefetch_adaptive_sequential,na,20260812T211742Z_trace_r1,GPU_EXT_PREFETCH_DECISION_TRACE,6818,6818,6818,0,0,0,6818,0,0,6818,0,146.60457612202993,153.0,153.0,0,230,512.0,146.60457612202993
array_migration,prefetch_adaptive_sequential,na,20260812T211747Z_nsys_r1,GPU_EXT_PREFETCH_DECISION_TRACE,15150,15150,15150,0,0,0,15150,0,0,15150,0,148.90745874587458,153.0,153.0,0,153,512.0,148.90745874587458
array_migration,prefetch_adaptive_sequential,na,20260812T211756Z_trace_r1,GPU_EXT_PREFETCH_DECISION_TRACE,11112,11112,11112,0,0,0,11112,0,0,11112,0,194.88975881929446,230.0,230.0,0,230,512.0,194.88975881929446
array_migration,prefetch_always_max,na,20260812T211609Z_nsys_r1,GPU_EXT_PREFETCH_DECISION_TRACE,512,512,512,0,0,0,512,0,0,512,512,512.0,512.0,512.0,512,512,512.0,512.0
array_migration,prefetch_always_max,na,20260812T211618Z_trace_r1,GPU_EXT_PREFETCH_DECISION_TRACE,512,512,512,0,0,0,512,0,0,512,512,512.0,512.0,512.0,512,512,512.0,512.0
array_migration,prefetch_always_max,na,20260812T211623Z_nsys_r1,GPU_EXT_PREFETCH_DECISION_TRACE,512,512,512,0,0,0,512,0,0,512,512,512.0,512.0,512.0,512,512,512.0,512.0
array_migration,prefetch_always_max,na,20260812T211632Z_trace_r1,GPU_EXT_PREFETCH_DECISION_TRACE,512,512,512,0,0,0,512,0,0,512,512,512.0,512.0,512.0,512,512,512.0,512.0
array_migration,prefetch_always_max,na,20260812T211637Z_nsys_r1,GPU_EXT_PREFETCH_DECISION_TRACE,512,512,512,0,0,0,512,0,0,512,512,512.0,512.0,512.0,512,512,512.0,512.0
array_migration,prefetch_always_max,na,20260812T211645Z_trace_r1,GPU_EXT_PREFETCH_DECISION_TRACE,512,512,512,0,0,0,512,0,0,512,512,512.0,512.0,512.0,512,512,512.0,512.0
array_migration,prefetch_always_max,na,20260812T211651Z_nsys_r1,GPU_EXT_PREFETCH_DECISION_TRACE,768,768,768,0,0,0,768,0,0,768,768,512.0,512.0,512.0,512,512,512.0,512.0
array_migration,prefetch_always_max,na,20260812T211700Z_trace_r1,GPU_EXT_PREFETCH_DECISION_TRACE,768,768,768,0,0,0,768,0,0,768,768,512.0,512.0,512.0,512,512,512.0,512.0
array_migration,prefetch_none,na,20260812T211400Z_nsys_r1,GPU_EXT_PREFETCH_DECISION_TRACE,262144,262144,262144,0,0,0,262144,0,0,262144,0,0.0,0.0,0.0,0,0,512.0,0.0
array_migration,prefetch_none,na,20260812T211422Z_trace_r1,GPU_EXT_PREFETCH_DECISION_TRACE,262144,262144,262144,0,0,0,262144,0,0,262144,0,0.0,0.0,0.0,0,0,512.0,0.0
array_migration,prefetch_none,na,20260812T211431Z_nsys_r1,GPU_EXT_PREFETCH_DECISION_TRACE,262144,262144,262144,0,0,0,262144,0,0,262144,0,0.0,0.0,0.0,0,0,512.0,0.0
array_migration,prefetch_none,na,20260812T211453Z_trace_r1,GPU_EXT_PREFETCH_DECISION_TRACE,262144,262144,262144,0,0,0,262144,0,0,262144,0,0.0,0.0,0.0,0,0,512.0,0.0
array_migration,prefetch_none,na,20260812T211501Z_nsys_r1,GPU_EXT_PREFETCH_DECISION_TRACE,262144,262144,262144,0,0,0,262144,0,0,262144,0,0.0,0.0,0.0,0,0,512.0,0.0
array_migration,prefetch_none,na,20260812T211523Z_trace_r1,GPU_EXT_PREFETCH_DECISION_TRACE,262144,262144,262144,0,0,0,262144,0,0,262144,0,0.0,0.0,0.0,0,0,512.0,0.0
array_migration,prefetch_none,na,20260812T211532Z_nsys_r1,GPU_EXT_PREFETCH_DECISION_TRACE,393216,393216,393216,0,0,0,393216,0,0,393216,0,0.0,0.0,0.0,0,0,512.0,0.0
array_migration,prefetch_none,na,20260812T211558Z_trace_r1,GPU_EXT_PREFETCH_DECISION_TRACE,393216,393216,393216,0,0,0,393216,0,0,393216,0,0.0,0.0,0.0,0,0,512.0,0.0
cpu_first_touch,custom_no_policy,na,20260812T210004Z_trace_r1,GPU_EXT_PREFETCH_DECISION_TRACE,2304,2304,2304,0,0,2304,0,0,0,0,384,168.0,64.0,512.0,16,512,512.0,0.0
cpu_first_touch,custom_no_policy,na,20260812T210008Z_trace_r2,GPU_EXT_PREFETCH_DECISION_TRACE,2304,2304,2304,0,0,2304,0,0,0,0,384,168.0,64.0,512.0,16,512,512.0,0.0
cpu_first_touch,custom_no_policy,na,20260812T210013Z_trace_r3,GPU_EXT_PREFETCH_DECISION_TRACE,2304,2304,2304,0,0,2304,0,0,0,0,384,168.0,64.0,512.0,16,512,512.0,0.0
cpu_first_touch,custom_no_policy,na,20260812T210017Z_trace_r4,GPU_EXT_PREFETCH_DECISION_TRACE,2304,2304,2304,0,0,2304,0,0,0,0,384,168.0,64.0,512.0,16,512,512.0,0.0
cpu_first_touch,custom_no_policy,na,20260812T210022Z_trace_r5,GPU_EXT_PREFETCH_DECISION_TRACE,2304,2304,2304,0,0,2304,0,0,0,0,384,168.0,64.0,512.0,16,512,512.0,0.0
cpu_first_touch,custom_no_policy,na,20260812T210026Z_trace_r6,GPU_EXT_PREFETCH_DECISION_TRACE,2304,2304,2304,0,0,2304,0,0,0,0,384,168.0,64.0,512.0,16,512,512.0,0.0
cpu_first_touch,custom_no_policy,na,20260812T210031Z_trace_r7,GPU_EXT_PREFETCH_DECISION_TRACE,2304,2304,2304,0,0,2304,0,0,0,0,384,168.0,64.0,512.0,16,512,512.0,0.0
cpu_first_touch,custom_no_policy,na,20260812T210035Z_trace_r8,GPU_EXT_PREFETCH_DECISION_TRACE,2304,2304,2304,0,0,2304,0,0,0,0,384,168.0,64.0,512.0,16,512,512.0,0.0
cpu_first_touch,custom_no_policy,na,20260812T210039Z_trace_r9,GPU_EXT_PREFETCH_DECISION_TRACE,2304,2304,2304,0,0,2304,0,0,0,0,384,168.0,64.0,512.0,16,512,512.0,0.0
cpu_first_touch,custom_no_policy,na,20260812T210044Z_trace_r10,GPU_EXT_PREFETCH_DECISION_TRACE,2304,2304,2304,0,0,2304,0,0,0,0,384,168.0,64.0,512.0,16,512,512.0,0.0
cpu_first_touch,custom_no_policy,na,20260812T210048Z_trace_r1,GPU_EXT_PREFETCH_DECISION_TRACE,2304,2304,2304,0,0,2304,0,0,0,0,384,168.0,64.0,512.0,16,512,512.0,0.0
cpu_first_touch,custom_no_policy,na,20260812T210052Z_trace_r2,GPU_EXT_PREFETCH_DECISION_TRACE,2304,2304,2304,0,0,2304,0,0,0,0,384,168.0,64.0,512.0,16,512,512.0,0.0
cpu_first_touch,custom_no_policy,na,20260812T210056Z_trace_r3,GPU_EXT_PREFETCH_DECISION_TRACE,2304,2304,2304,0,0,2304,0,0,0,0,384,168.0,64.0,512.0,16,512,512.0,0.0
cpu_first_touch,custom_no_policy,na,20260812T210100Z_trace_r4,GPU_EXT_PREFETCH_DECISION_TRACE,2304,2304,2304,0,0,2304,0,0,0,0,384,168.0,64.0,512.0,16,512,512.0,0.0
cpu_first_touch,custom_no_policy,na,20260812T210104Z_trace_r5,GPU_EXT_PREFETCH_DECISION_TRACE,2304,2304,2304,0,0,2304,0,0,0,0,384,168.0,64.0,512.0,16,512,512.0,0.0
cpu_first_touch,custom_no_policy,na,20260812T210108Z_trace_r6,GPU_EXT_PREFETCH_DECISION_TRACE,2304,2304,2304,0,0,2304,0,0,0,0,384,168.0,64.0,512.0,16,512,512.0,0.0
cpu_first_touch,custom_no_policy,na,20260812T210112Z_trace_r7,GPU_EXT_PREFETCH_DECISION_TRACE,2304,2304,2304,0,0,2304,0,0,0,0,384,168.0,64.0,512.0,16,512,512.0,0.0
cpu_first_touch,custom_no_policy,na,20260812T210116Z_trace_r8,GPU_EXT_PREFETCH_DECISION_TRACE,2304,2304,2304,0,0,2304,0,0,0,0,384,168.0,64.0,512.0,16,512,512.0,0.0
cpu_first_touch,custom_no_policy,na,20260812T210120Z_trace_r9,GPU_EXT_PREFETCH_DECISION_TRACE,2304,2304,2304,0,0,2304,0,0,0,0,384,168.0,64.0,512.0,16,512,512.0,0.0
cpu_first_touch,custom_no_policy,na,20260812T210124Z_trace_r10,GPU_EXT_PREFETCH_DECISION_TRACE,2304,2304,2304,0,0,2304,0,0,0,0,384,168.0,64.0,512.0,16,512,512.0,0.0
cpu_first_touch,custom_no_policy,na,20260812T210128Z_trace_r1,GPU_EXT_PREFETCH_DECISION_TRACE,0,0,0,0,0,0,0,0,0,0,0,UNAVAILABLE,UNAVAILABLE,UNAVAILABLE,UNAVAILABLE,UNAVAILABLE,UNAVAILABLE,UNAVAILABLE
cpu_first_touch,custom_no_policy,na,20260812T210133Z_trace_r2,GPU_EXT_PREFETCH_DECISION_TRACE,0,0,0,0,0,0,0,0,0,0,0,UNAVAILABLE,UNAVAILABLE,UNAVAILABLE,UNAVAILABLE,UNAVAILABLE,UNAVAILABLE,UNAVAILABLE
cpu_first_touch,custom_no_policy,na,20260812T210137Z_trace_r3,GPU_EXT_PREFETCH_DECISION_TRACE,0,0,0,0,0,0,0,0,0,0,0,UNAVAILABLE,UNAVAILABLE,UNAVAILABLE,UNAVAILABLE,UNAVAILABLE,UNAVAILABLE,UNAVAILABLE
cpu_first_touch,custom_no_policy,na,20260812T210142Z_trace_r4,GPU_EXT_PREFETCH_DECISION_TRACE,0,0,0,0,0,0,0,0,0,0,0,UNAVAILABLE,UNAVAILABLE,UNAVAILABLE,UNAVAILABLE,UNAVAILABLE,UNAVAILABLE,UNAVAILABLE
cpu_first_touch,custom_no_policy,na,20260812T210146Z_trace_r5,GPU_EXT_PREFETCH_DECISION_TRACE,0,0,0,0,0,0,0,0,0,0,0,UNAVAILABLE,UNAVAILABLE,UNAVAILABLE,UNAVAILABLE,UNAVAILABLE,UNAVAILABLE,UNAVAILABLE
cpu_first_touch,custom_no_policy,na,20260812T210151Z_trace_r6,GPU_EXT_PREFETCH_DECISION_TRACE,0,0,0,0,0,0,0,0,0,0,0,UNAVAILABLE,UNAVAILABLE,UNAVAILABLE,UNAVAILABLE,UNAVAILABLE,UNAVAILABLE,UNAVAILABLE
cpu_first_touch,custom_no_policy,na,20260812T210155Z_trace_r7,GPU_EXT_PREFETCH_DECISION_TRACE,0,0,0,0,0,0,0,0,0,0,0,UNAVAILABLE,UNAVAILABLE,UNAVAILABLE,UNAVAILABLE,UNAVAILABLE,UNAVAILABLE,UNAVAILABLE
cpu_first_touch,custom_no_policy,na,20260812T210159Z_trace_r8,GPU_EXT_PREFETCH_DECISION_TRACE,0,0,0,0,0,0,0,0,0,0,0,UNAVAILABLE,UNAVAILABLE,UNAVAILABLE,UNAVAILABLE,UNAVAILABLE,UNAVAILABLE,UNAVAILABLE
cpu_first_touch,custom_no_policy,na,20260812T210204Z_trace_r9,GPU_EXT_PREFETCH_DECISION_TRACE,0,0,0,0,0,0,0,0,0,0,0,UNAVAILABLE,UNAVAILABLE,UNAVAILABLE,UNAVAILABLE,UNAVAILABLE,UNAVAILABLE,UNAVAILABLE
cpu_first_touch,custom_no_policy,na,20260812T210208Z_trace_r10,GPU_EXT_PREFETCH_DECISION_TRACE,0,0,0,0,0,0,0,0,0,0,0,UNAVAILABLE,UNAVAILABLE,UNAVAILABLE,UNAVAILABLE,UNAVAILABLE,UNAVAILABLE,UNAVAILABLE
cpu_first_touch,prefetch_adaptive_sequential,na,20260812T210817Z_trace_r1,GPU_EXT_PREFETCH_DECISION_TRACE,1536,1536,1536,0,0,0,1536,0,0,1536,0,127.0,153.0,153.0,49,153,512.0,127.0
cpu_first_touch,prefetch_adaptive_sequential,na,20260812T210822Z_trace_r2,GPU_EXT_PREFETCH_DECISION_TRACE,1536,1536,1536,0,0,0,1536,0,0,1536,0,127.0,153.0,153.0,49,153,512.0,127.0
cpu_first_touch,prefetch_adaptive_sequential,na,20260812T210827Z_trace_r3,GPU_EXT_PREFETCH_DECISION_TRACE,1536,1536,1536,0,0,0,1536,0,0,1536,0,127.0,153.0,153.0,49,153,512.0,127.0
cpu_first_touch,prefetch_adaptive_sequential,na,20260812T210832Z_trace_r4,GPU_EXT_PREFETCH_DECISION_TRACE,1536,1536,1536,0,0,0,1536,0,0,1536,0,127.0,153.0,153.0,49,153,512.0,127.0
cpu_first_touch,prefetch_adaptive_sequential,na,20260812T210838Z_trace_r5,GPU_EXT_PREFETCH_DECISION_TRACE,1536,1536,1536,0,0,0,1536,0,0,1536,0,127.0,153.0,153.0,49,153,512.0,127.0
cpu_first_touch,prefetch_adaptive_sequential,na,20260812T210843Z_trace_r6,GPU_EXT_PREFETCH_DECISION_TRACE,1536,1536,1536,0,0,0,1536,0,0,1536,0,127.0,153.0,153.0,49,153,512.0,127.0
cpu_first_touch,prefetch_adaptive_sequential,na,20260812T210848Z_trace_r7,GPU_EXT_PREFETCH_DECISION_TRACE,1536,1536,1536,0,0,0,1536,0,0,1536,0,127.0,153.0,153.0,49,153,512.0,127.0
cpu_first_touch,prefetch_adaptive_sequential,na,20260812T210854Z_trace_r8,GPU_EXT_PREFETCH_DECISION_TRACE,1536,1536,1536,0,0,0,1536,0,0,1536,0,127.0,153.0,153.0,49,153,512.0,127.0
cpu_first_touch,prefetch_adaptive_sequential,na,20260812T210859Z_trace_r9,GPU_EXT_PREFETCH_DECISION_TRACE,1536,1536,1536,0,0,0,1536,0,0,1536,0,127.0,153.0,153.0,49,153,512.0,127.0
cpu_first_touch,prefetch_adaptive_sequential,na,20260812T210904Z_trace_r10,GPU_EXT_PREFETCH_DECISION_TRACE,1536,1536,1536,0,0,0,1536,0,0,1536,0,127.0,153.0,153.0,49,153,512.0,127.0
cpu_first_touch,prefetch_adaptive_sequential,na,20260812T210910Z_trace_r1,GPU_EXT_PREFETCH_DECISION_TRACE,1536,1536,1536,0,0,0,1536,0,0,1536,0,127.0,153.0,153.0,49,153,512.0,127.0
cpu_first_touch,prefetch_adaptive_sequential,na,20260812T210914Z_trace_r2,GPU_EXT_PREFETCH_DECISION_TRACE,1536,1536,1536,0,0,0,1536,0,0,1536,0,127.0,153.0,153.0,49,153,512.0,127.0
cpu_first_touch,prefetch_adaptive_sequential,na,20260812T210919Z_trace_r3,GPU_EXT_PREFETCH_DECISION_TRACE,1536,1536,1536,0,0,0,1536,0,0,1536,0,127.0,153.0,153.0,49,153,512.0,127.0
cpu_first_touch,prefetch_adaptive_sequential,na,20260812T210924Z_trace_r4,GPU_EXT_PREFETCH_DECISION_TRACE,1536,1536,1536,0,0,0,1536,0,0,1536,0,127.0,153.0,153.0,49,153,512.0,127.0
cpu_first_touch,prefetch_adaptive_sequential,na,20260812T210929Z_trace_r5,GPU_EXT_PREFETCH_DECISION_TRACE,1536,1536,1536,0,0,0,1536,0,0,1536,0,127.0,153.0,153.0,49,153,512.0,127.0
cpu_first_touch,prefetch_adaptive_sequential,na,20260812T210934Z_trace_r6,GPU_EXT_PREFETCH_DECISION_TRACE,1536,1536,1536,0,0,0,1536,0,0,1536,0,127.0,153.0,153.0,49,153,512.0,127.0
cpu_first_touch,prefetch_adaptive_sequential,na,20260812T210939Z_trace_r7,GPU_EXT_PREFETCH_DECISION_TRACE,1536,1536,1536,0,0,0,1536,0,0,1536,0,127.0,153.0,153.0,49,153,512.0,127.0
cpu_first_touch,prefetch_adaptive_sequential,na,20260812T210944Z_trace_r8,GPU_EXT_PREFETCH_DECISION_TRACE,1536,1536,1536,0,0,0,1536,0,0,1536,0,127.0,153.0,153.0,49,153,512.0,127.0
cpu_first_touch,prefetch_adaptive_sequential,na,20260812T210949Z_trace_r9,GPU_EXT_PREFETCH_DECISION_TRACE,1536,1536,1536,0,0,0,1536,0,0,1536,0,127.0,153.0,153.0,49,153,512.0,127.0
cpu_first_touch,prefetch_adaptive_sequential,na,20260812T210953Z_trace_r10,GPU_EXT_PREFETCH_DECISION_TRACE,1536,1536,1536,0,0,0,1536,0,0,1536,0,127.0,153.0,153.0,49,153,512.0,127.0
cpu_first_touch,prefetch_adaptive_sequential,na,20260812T210958Z_trace_r1,GPU_EXT_PREFETCH_DECISION_TRACE,0,0,0,0,0,0,0,0,0,0,0,UNAVAILABLE,UNAVAILABLE,UNAVAILABLE,UNAVAILABLE,UNAVAILABLE,UNAVAILABLE,UNAVAILABLE
cpu_first_touch,prefetch_adaptive_sequential,na,20260812T211003Z_trace_r2,GPU_EXT_PREFETCH_DECISION_TRACE,0,0,0,0,0,0,0,0,0,0,0,UNAVAILABLE,UNAVAILABLE,UNAVAILABLE,UNAVAILABLE,UNAVAILABLE,UNAVAILABLE,UNAVAILABLE
cpu_first_touch,prefetch_adaptive_sequential,na,20260812T211009Z_trace_r3,GPU_EXT_PREFETCH_DECISION_TRACE,0,0,0,0,0,0,0,0,0,0,0,UNAVAILABLE,UNAVAILABLE,UNAVAILABLE,UNAVAILABLE,UNAVAILABLE,UNAVAILABLE,UNAVAILABLE
cpu_first_touch,prefetch_adaptive_sequential,na,20260812T211014Z_trace_r4,GPU_EXT_PREFETCH_DECISION_TRACE,0,0,0,0,0,0,0,0,0,0,0,UNAVAILABLE,UNAVAILABLE,UNAVAILABLE,UNAVAILABLE,UNAVAILABLE,UNAVAILABLE,UNAVAILABLE
cpu_first_touch,prefetch_adaptive_sequential,na,20260812T211020Z_trace_r5,GPU_EXT_PREFETCH_DECISION_TRACE,0,0,0,0,0,0,0,0,0,0,0,UNAVAILABLE,UNAVAILABLE,UNAVAILABLE,UNAVAILABLE,UNAVAILABLE,UNAVAILABLE,UNAVAILABLE
cpu_first_touch,prefetch_adaptive_sequential,na,20260812T211025Z_trace_r6,GPU_EXT_PREFETCH_DECISION_TRACE,0,0,0,0,0,0,0,0,0,0,0,UNAVAILABLE,UNAVAILABLE,UNAVAILABLE,UNAVAILABLE,UNAVAILABLE,UNAVAILABLE,UNAVAILABLE
cpu_first_touch,prefetch_adaptive_sequential,na,20260812T211030Z_trace_r7,GPU_EXT_PREFETCH_DECISION_TRACE,0,0,0,0,0,0,0,0,0,0,0,UNAVAILABLE,UNAVAILABLE,UNAVAILABLE,UNAVAILABLE,UNAVAILABLE,UNAVAILABLE,UNAVAILABLE
cpu_first_touch,prefetch_adaptive_sequential,na,20260812T211036Z_trace_r8,GPU_EXT_PREFETCH_DECISION_TRACE,0,0,0,0,0,0,0,0,0,0,0,UNAVAILABLE,UNAVAILABLE,UNAVAILABLE,UNAVAILABLE,UNAVAILABLE,UNAVAILABLE,UNAVAILABLE
cpu_first_touch,prefetch_adaptive_sequential,na,20260812T211041Z_trace_r9,GPU_EXT_PREFETCH_DECISION_TRACE,0,0,0,0,0,0,0,0,0,0,0,UNAVAILABLE,UNAVAILABLE,UNAVAILABLE,UNAVAILABLE,UNAVAILABLE,UNAVAILABLE,UNAVAILABLE
cpu_first_touch,prefetch_adaptive_sequential,na,20260812T211046Z_trace_r10,GPU_EXT_PREFETCH_DECISION_TRACE,0,0,0,0,0,0,0,0,0,0,0,UNAVAILABLE,UNAVAILABLE,UNAVAILABLE,UNAVAILABLE,UNAVAILABLE,UNAVAILABLE,UNAVAILABLE
cpu_first_touch,prefetch_always_max,na,20260812T210542Z_trace_r1,GPU_EXT_PREFETCH_DECISION_TRACE,384,384,384,0,0,0,384,0,0,384,384,512.0,512.0,512.0,512,512,512.0,512.0
cpu_first_touch,prefetch_always_max,na,20260812T210547Z_trace_r2,GPU_EXT_PREFETCH_DECISION_TRACE,384,384,384,0,0,0,384,0,0,384,384,512.0,512.0,512.0,512,512,512.0,512.0
cpu_first_touch,prefetch_always_max,na,20260812T210552Z_trace_r3,GPU_EXT_PREFETCH_DECISION_TRACE,384,384,384,0,0,0,384,0,0,384,384,512.0,512.0,512.0,512,512,512.0,512.0
cpu_first_touch,prefetch_always_max,na,20260812T210557Z_trace_r4,GPU_EXT_PREFETCH_DECISION_TRACE,384,384,384,0,0,0,384,0,0,384,384,512.0,512.0,512.0,512,512,512.0,512.0
cpu_first_touch,prefetch_always_max,na,20260812T210603Z_trace_r5,GPU_EXT_PREFETCH_DECISION_TRACE,384,384,384,0,0,0,384,0,0,384,384,512.0,512.0,512.0,512,512,512.0,512.0
cpu_first_touch,prefetch_always_max,na,20260812T210608Z_trace_r6,GPU_EXT_PREFETCH_DECISION_TRACE,384,384,384,0,0,0,384,0,0,384,384,512.0,512.0,512.0,512,512,512.0,512.0
cpu_first_touch,prefetch_always_max,na,20260812T210613Z_trace_r7,GPU_EXT_PREFETCH_DECISION_TRACE,384,384,384,0,0,0,384,0,0,384,384,512.0,512.0,512.0,512,512,512.0,512.0
cpu_first_touch,prefetch_always_max,na,20260812T210619Z_trace_r8,GPU_EXT_PREFETCH_DECISION_TRACE,384,384,384,0,0,0,384,0,0,384,384,512.0,512.0,512.0,512,512,512.0,512.0
cpu_first_touch,prefetch_always_max,na,20260812T210624Z_trace_r9,GPU_EXT_PREFETCH_DECISION_TRACE,384,384,384,0,0,0,384,0,0,384,384,512.0,512.0,512.0,512,512,512.0,512.0
cpu_first_touch,prefetch_always_max,na,20260812T210629Z_trace_r10,GPU_EXT_PREFETCH_DECISION_TRACE,384,384,384,0,0,0,384,0,0,384,384,512.0,512.0,512.0,512,512,512.0,512.0
cpu_first_touch,prefetch_always_max,na,20260812T210634Z_trace_r1,GPU_EXT_PREFETCH_DECISION_TRACE,384,384,384,0,0,0,384,0,0,384,384,512.0,512.0,512.0,512,512,512.0,512.0
cpu_first_touch,prefetch_always_max,na,20260812T210639Z_trace_r2,GPU_EXT_PREFETCH_DECISION_TRACE,384,384,384,0,0,0,384,0,0,384,384,512.0,512.0,512.0,512,512,512.0,512.0
cpu_first_touch,prefetch_always_max,na,20260812T210644Z_trace_r3,GPU_EXT_PREFETCH_DECISION_TRACE,384,384,384,0,0,0,384,0,0,384,384,512.0,512.0,512.0,512,512,512.0,512.0
cpu_first_touch,prefetch_always_max,na,20260812T210649Z_trace_r4,GPU_EXT_PREFETCH_DECISION_TRACE,384,384,384,0,0,0,384,0,0,384,384,512.0,512.0,512.0,512,512,512.0,512.0
cpu_first_touch,prefetch_always_max,na,20260812T210654Z_trace_r5,GPU_EXT_PREFETCH_DECISION_TRACE,384,384,384,0,0,0,384,0,0,384,384,512.0,512.0,512.0,512,512,512.0,512.0
cpu_first_touch,prefetch_always_max,na,20260812T210659Z_trace_r6,GPU_EXT_PREFETCH_DECISION_TRACE,384,384,384,0,0,0,384,0,0,384,384,512.0,512.0,512.0,512,512,512.0,512.0
cpu_first_touch,prefetch_always_max,na,20260812T210704Z_trace_r7,GPU_EXT_PREFETCH_DECISION_TRACE,384,384,384,0,0,0,384,0,0,384,384,512.0,512.0,512.0,512,512,512.0,512.0
cpu_first_touch,prefetch_always_max,na,20260812T210708Z_trace_r8,GPU_EXT_PREFETCH_DECISION_TRACE,384,384,384,0,0,0,384,0,0,384,384,512.0,512.0,512.0,512,512,512.0,512.0
cpu_first_touch,prefetch_always_max,na,20260812T210713Z_trace_r9,GPU_EXT_PREFETCH_DECISION_TRACE,384,384,384,0,0,0,384,0,0,384,384,512.0,512.0,512.0,512,512,512.0,512.0
cpu_first_touch,prefetch_always_max,na,20260812T210718Z_trace_r10,GPU_EXT_PREFETCH_DECISION_TRACE,384,384,384,0,0,0,384,0,0,384,384,512.0,512.0,512.0,512,512,512.0,512.0
cpu_first_touch,prefetch_always_max,na,20260812T210723Z_trace_r1,GPU_EXT_PREFETCH_DECISION_TRACE,0,0,0,0,0,0,0,0,0,0,0,UNAVAILABLE,UNAVAILABLE,UNAVAILABLE,UNAVAILABLE,UNAVAILABLE,UNAVAILABLE,UNAVAILABLE
cpu_first_touch,prefetch_always_max,na,20260812T210729Z_trace_r2,GPU_EXT_PREFETCH_DECISION_TRACE,0,0,0,0,0,0,0,0,0,0,0,UNAVAILABLE,UNAVAILABLE,UNAVAILABLE,UNAVAILABLE,UNAVAILABLE,UNAVAILABLE,UNAVAILABLE
cpu_first_touch,prefetch_always_max,na,20260812T210734Z_trace_r3,GPU_EXT_PREFETCH_DECISION_TRACE,0,0,0,0,0,0,0,0,0,0,0,UNAVAILABLE,UNAVAILABLE,UNAVAILABLE,UNAVAILABLE,UNAVAILABLE,UNAVAILABLE,UNAVAILABLE
cpu_first_touch,prefetch_always_max,na,20260812T210739Z_trace_r4,GPU_EXT_PREFETCH_DECISION_TRACE,0,0,0,0,0,0,0,0,0,0,0,UNAVAILABLE,UNAVAILABLE,UNAVAILABLE,UNAVAILABLE,UNAVAILABLE,UNAVAILABLE,UNAVAILABLE
cpu_first_touch,prefetch_always_max,na,20260812T210745Z_trace_r5,GPU_EXT_PREFETCH_DECISION_TRACE,0,0,0,0,0,0,0,0,0,0,0,UNAVAILABLE,UNAVAILABLE,UNAVAILABLE,UNAVAILABLE,UNAVAILABLE,UNAVAILABLE,UNAVAILABLE
cpu_first_touch,prefetch_always_max,na,20260812T210750Z_trace_r6,GPU_EXT_PREFETCH_DECISION_TRACE,0,0,0,0,0,0,0,0,0,0,0,UNAVAILABLE,UNAVAILABLE,UNAVAILABLE,UNAVAILABLE,UNAVAILABLE,UNAVAILABLE,UNAVAILABLE
cpu_first_touch,prefetch_always_max,na,20260812T210755Z_trace_r7,GPU_EXT_PREFETCH_DECISION_TRACE,0,0,0,0,0,0,0,0,0,0,0,UNAVAILABLE,UNAVAILABLE,UNAVAILABLE,UNAVAILABLE,UNAVAILABLE,UNAVAILABLE,UNAVAILABLE
cpu_first_touch,prefetch_always_max,na,20260812T210800Z_trace_r8,GPU_EXT_PREFETCH_DECISION_TRACE,0,0,0,0,0,0,0,0,0,0,0,UNAVAILABLE,UNAVAILABLE,UNAVAILABLE,UNAVAILABLE,UNAVAILABLE,UNAVAILABLE,UNAVAILABLE
cpu_first_touch,prefetch_always_max,na,20260812T210806Z_trace_r9,GPU_EXT_PREFETCH_DECISION_TRACE,0,0,0,0,0,0,0,0,0,0,0,UNAVAILABLE,UNAVAILABLE,UNAVAILABLE,UNAVAILABLE,UNAVAILABLE,UNAVAILABLE,UNAVAILABLE
cpu_first_touch,prefetch_always_max,na,20260812T210811Z_trace_r10,GPU_EXT_PREFETCH_DECISION_TRACE,0,0,0,0,0,0,0,0,0,0,0,UNAVAILABLE,UNAVAILABLE,UNAVAILABLE,UNAVAILABLE,UNAVAILABLE,UNAVAILABLE,UNAVAILABLE
cpu_first_touch,prefetch_none,na,20260812T210213Z_trace_r1,GPU_EXT_PREFETCH_DECISION_TRACE,196608,196608,196608,0,0,0,196608,0,0,196608,0,0.0,0.0,0.0,0,0,512.0,0.0
cpu_first_touch,prefetch_none,na,20260812T210221Z_trace_r2,GPU_EXT_PREFETCH_DECISION_TRACE,196608,196608,196608,0,0,0,196608,0,0,196608,0,0.0,0.0,0.0,0,0,512.0,0.0
cpu_first_touch,prefetch_none,na,20260812T210229Z_trace_r3,GPU_EXT_PREFETCH_DECISION_TRACE,196608,196608,196608,0,0,0,196608,0,0,196608,0,0.0,0.0,0.0,0,0,512.0,0.0
cpu_first_touch,prefetch_none,na,20260812T210237Z_trace_r4,GPU_EXT_PREFETCH_DECISION_TRACE,196608,196608,196608,0,0,0,196608,0,0,196608,0,0.0,0.0,0.0,0,0,512.0,0.0
cpu_first_touch,prefetch_none,na,20260812T210245Z_trace_r5,GPU_EXT_PREFETCH_DECISION_TRACE,196608,196608,196608,0,0,0,196608,0,0,196608,0,0.0,0.0,0.0,0,0,512.0,0.0
cpu_first_touch,prefetch_none,na,20260812T210253Z_trace_r6,GPU_EXT_PREFETCH_DECISION_TRACE,196608,196608,196608,0,0,0,196608,0,0,196608,0,0.0,0.0,0.0,0,0,512.0,0.0
cpu_first_touch,prefetch_none,na,20260812T210301Z_trace_r7,GPU_EXT_PREFETCH_DECISION_TRACE,196608,196608,196608,0,0,0,196608,0,0,196608,0,0.0,0.0,0.0,0,0,512.0,0.0
cpu_first_touch,prefetch_none,na,20260812T210309Z_trace_r8,GPU_EXT_PREFETCH_DECISION_TRACE,196608,196608,196608,0,0,0,196608,0,0,196608,0,0.0,0.0,0.0,0,0,512.0,0.0
cpu_first_touch,prefetch_none,na,20260812T210317Z_trace_r9,GPU_EXT_PREFETCH_DECISION_TRACE,196608,196608,196608,0,0,0,196608,0,0,196608,0,0.0,0.0,0.0,0,0,512.0,0.0
cpu_first_touch,prefetch_none,na,20260812T210325Z_trace_r10,GPU_EXT_PREFETCH_DECISION_TRACE,196608,196608,196608,0,0,0,196608,0,0,196608,0,0.0,0.0,0.0,0,0,512.0,0.0
cpu_first_touch,prefetch_none,na,20260812T210333Z_trace_r1,GPU_EXT_PREFETCH_DECISION_TRACE,196608,196608,196608,0,0,0,196608,0,0,196608,0,0.0,0.0,0.0,0,0,512.0,0.0
cpu_first_touch,prefetch_none,na,20260812T210341Z_trace_r2,GPU_EXT_PREFETCH_DECISION_TRACE,196608,196608,196608,0,0,0,196608,0,0,196608,0,0.0,0.0,0.0,0,0,512.0,0.0
cpu_first_touch,prefetch_none,na,20260812T210348Z_trace_r3,GPU_EXT_PREFETCH_DECISION_TRACE,196608,196608,196608,0,0,0,196608,0,0,196608,0,0.0,0.0,0.0,0,0,512.0,0.0
cpu_first_touch,prefetch_none,na,20260812T210356Z_trace_r4,GPU_EXT_PREFETCH_DECISION_TRACE,196608,196608,196608,0,0,0,196608,0,0,196608,0,0.0,0.0,0.0,0,0,512.0,0.0
cpu_first_touch,prefetch_none,na,20260812T210403Z_trace_r5,GPU_EXT_PREFETCH_DECISION_TRACE,196608,196608,196608,0,0,0,196608,0,0,196608,0,0.0,0.0,0.0,0,0,512.0,0.0
cpu_first_touch,prefetch_none,na,20260812T210411Z_trace_r6,GPU_EXT_PREFETCH_DECISION_TRACE,196608,196608,196608,0,0,0,196608,0,0,196608,0,0.0,0.0,0.0,0,0,512.0,0.0
cpu_first_touch,prefetch_none,na,20260812T210418Z_trace_r7,GPU_EXT_PREFETCH_DECISION_TRACE,196608,196608,196608,0,0,0,196608,0,0,196608,0,0.0,0.0,0.0,0,0,512.0,0.0
cpu_first_touch,prefetch_none,na,20260812T210426Z_trace_r8,GPU_EXT_PREFETCH_DECISION_TRACE,196608,196608,196608,0,0,0,196608,0,0,196608,0,0.0,0.0,0.0,0,0,512.0,0.0
cpu_first_touch,prefetch_none,na,20260812T210434Z_trace_r9,GPU_EXT_PREFETCH_DECISION_TRACE,196608,196608,196608,0,0,0,196608,0,0,196608,0,0.0,0.0,0.0,0,0,512.0,0.0
cpu_first_touch,prefetch_none,na,20260812T210441Z_trace_r10,GPU_EXT_PREFETCH_DECISION_TRACE,196608,196608,196608,0,0,0,196608,0,0,196608,0,0.0,0.0,0.0,0,0,512.0,0.0
cpu_first_touch,prefetch_none,na,20260812T210449Z_trace_r1,GPU_EXT_PREFETCH_DECISION_TRACE,0,0,0,0,0,0,0,0,0,0,0,UNAVAILABLE,UNAVAILABLE,UNAVAILABLE,UNAVAILABLE,UNAVAILABLE,UNAVAILABLE,UNAVAILABLE
cpu_first_touch,prefetch_none,na,20260812T210454Z_trace_r2,GPU_EXT_PREFETCH_DECISION_TRACE,0,0,0,0,0,0,0,0,0,0,0,UNAVAILABLE,UNAVAILABLE,UNAVAILABLE,UNAVAILABLE,UNAVAILABLE,UNAVAILABLE,UNAVAILABLE
cpu_first_touch,prefetch_none,na,20260812T210459Z_trace_r3,GPU_EXT_PREFETCH_DECISION_TRACE,0,0,0,0,0,0,0,0,0,0,0,UNAVAILABLE,UNAVAILABLE,UNAVAILABLE,UNAVAILABLE,UNAVAILABLE,UNAVAILABLE,UNAVAILABLE
cpu_first_touch,prefetch_none,na,20260812T210504Z_trace_r4,GPU_EXT_PREFETCH_DECISION_TRACE,0,0,0,0,0,0,0,0,0,0,0,UNAVAILABLE,UNAVAILABLE,UNAVAILABLE,UNAVAILABLE,UNAVAILABLE,UNAVAILABLE,UNAVAILABLE
cpu_first_touch,prefetch_none,na,20260812T210510Z_trace_r5,GPU_EXT_PREFETCH_DECISION_TRACE,0,0,0,0,0,0,0,0,0,0,0,UNAVAILABLE,UNAVAILABLE,UNAVAILABLE,UNAVAILABLE,UNAVAILABLE,UNAVAILABLE,UNAVAILABLE
cpu_first_touch,prefetch_none,na,20260812T210515Z_trace_r6,GPU_EXT_PREFETCH_DECISION_TRACE,0,0,0,0,0,0,0,0,0,0,0,UNAVAILABLE,UNAVAILABLE,UNAVAILABLE,UNAVAILABLE,UNAVAILABLE,UNAVAILABLE,UNAVAILABLE
cpu_first_touch,prefetch_none,na,20260812T210520Z_trace_r7,GPU_EXT_PREFETCH_DECISION_TRACE,0,0,0,0,0,0,0,0,0,0,0,UNAVAILABLE,UNAVAILABLE,UNAVAILABLE,UNAVAILABLE,UNAVAILABLE,UNAVAILABLE,UNAVAILABLE
cpu_first_touch,prefetch_none,na,20260812T210526Z_trace_r8,GPU_EXT_PREFETCH_DECISION_TRACE,0,0,0,0,0,0,0,0,0,0,0,UNAVAILABLE,UNAVAILABLE,UNAVAILABLE,UNAVAILABLE,UNAVAILABLE,UNAVAILABLE,UNAVAILABLE
cpu_first_touch,prefetch_none,na,20260812T210531Z_trace_r9,GPU_EXT_PREFETCH_DECISION_TRACE,0,0,0,0,0,0,0,0,0,0,0,UNAVAILABLE,UNAVAILABLE,UNAVAILABLE,UNAVAILABLE,UNAVAILABLE,UNAVAILABLE,UNAVAILABLE
cpu_first_touch,prefetch_none,na,20260812T210536Z_trace_r10,GPU_EXT_PREFETCH_DECISION_TRACE,0,0,0,0,0,0,0,0,0,0,0,UNAVAILABLE,UNAVAILABLE,UNAVAILABLE,UNAVAILABLE,UNAVAILABLE,UNAVAILABLE,UNAVAILABLE
oversub,custom_no_policy,0.95,20260812T211930Z_timing_r1,GPU_EXT_PREFETCH_DECISION_TRACE,0,0,0,0,0,0,0,0,0,0,0,UNAVAILABLE,UNAVAILABLE,UNAVAILABLE,UNAVAILABLE,UNAVAILABLE,UNAVAILABLE,UNAVAILABLE
oversub,custom_no_policy,0.95,20260812T211956Z_timing_r2,GPU_EXT_PREFETCH_DECISION_TRACE,0,0,0,0,0,0,0,0,0,0,0,UNAVAILABLE,UNAVAILABLE,UNAVAILABLE,UNAVAILABLE,UNAVAILABLE,UNAVAILABLE,UNAVAILABLE
oversub,custom_no_policy,0.95,20260812T212022Z_timing_r3,GPU_EXT_PREFETCH_DECISION_TRACE,0,0,0,0,0,0,0,0,0,0,0,UNAVAILABLE,UNAVAILABLE,UNAVAILABLE,UNAVAILABLE,UNAVAILABLE,UNAVAILABLE,UNAVAILABLE
oversub,custom_no_policy,0.95,20260812T212048Z_trace_r1,GPU_EXT_PREFETCH_DECISION_TRACE,550892,550892,550892,0,0,550892,0,0,0,0,22736,125.99486287693414,64.0,256.0,16,512,511.97570122637467,0.0
oversub,custom_no_policy,1.05,20260812T214453Z_timing_r1,GPU_EXT_PREFETCH_DECISION_TRACE,0,0,0,0,0,0,0,0,0,0,0,UNAVAILABLE,UNAVAILABLE,UNAVAILABLE,UNAVAILABLE,UNAVAILABLE,UNAVAILABLE,UNAVAILABLE
oversub,custom_no_policy,1.05,20260812T214710Z_timing_r1,GPU_EXT_PREFETCH_DECISION_TRACE,0,0,0,0,0,0,0,0,0,0,0,UNAVAILABLE,UNAVAILABLE,UNAVAILABLE,UNAVAILABLE,UNAVAILABLE,UNAVAILABLE,UNAVAILABLE
oversub,custom_no_policy,1.05,20260812T214750Z_timing_r2,GPU_EXT_PREFETCH_DECISION_TRACE,0,0,0,0,0,0,0,0,0,0,0,UNAVAILABLE,UNAVAILABLE,UNAVAILABLE,UNAVAILABLE,UNAVAILABLE,UNAVAILABLE,UNAVAILABLE
oversub,custom_no_policy,1.05,20260812T214829Z_timing_r3,GPU_EXT_PREFETCH_DECISION_TRACE,0,0,0,0,0,0,0,0,0,0,0,UNAVAILABLE,UNAVAILABLE,UNAVAILABLE,UNAVAILABLE,UNAVAILABLE,UNAVAILABLE,UNAVAILABLE
oversub,custom_no_policy,1.05,20260812T214909Z_trace_r1,GPU_EXT_PREFETCH_DECISION_TRACE,1326090,1326090,1326090,0,0,1326090,0,0,0,0,37696,111.39693384310266,64.0,256.0,2,512,511.99846164287493,0.0
oversub,custom_no_policy,1.10,20260813T103830Z_timing_r1,GPU_EXT_PREFETCH_DECISION_TRACE,0,0,0,0,0,0,0,0,0,0,0,UNAVAILABLE,UNAVAILABLE,UNAVAILABLE,UNAVAILABLE,UNAVAILABLE,UNAVAILABLE,UNAVAILABLE
oversub,custom_no_policy,1.10,20260813T103911Z_timing_r2,GPU_EXT_PREFETCH_DECISION_TRACE,0,0,0,0,0,0,0,0,0,0,0,UNAVAILABLE,UNAVAILABLE,UNAVAILABLE,UNAVAILABLE,UNAVAILABLE,UNAVAILABLE,UNAVAILABLE
oversub,custom_no_policy,1.10,20260813T103952Z_timing_r3,GPU_EXT_PREFETCH_DECISION_TRACE,0,0,0,0,0,0,0,0,0,0,0,UNAVAILABLE,UNAVAILABLE,UNAVAILABLE,UNAVAILABLE,UNAVAILABLE,UNAVAILABLE,UNAVAILABLE
oversub,custom_no_policy,1.10,20260813T104033Z_trace_r1,GPU_EXT_PREFETCH_DECISION_TRACE,1363321,1363321,1363321,0,0,1363321,0,0,0,0,39489,111.23937209211917,64.0,256.0,16,512,511.98478128041745,0.0
oversub,custom_no_policy,1.10,20260813T104119Z_nsys_r1,GPU_EXT_PREFETCH_DECISION_TRACE,1449189,1449189,1449189,0,0,1449189,0,0,0,0,39295,114.24881088664074,64.0,256.0,16,512,511.9948219314389,0.0
oversub,prefetch_adaptive_sequential,0.95,20260812T213636Z_timing_r1,GPU_EXT_PREFETCH_DECISION_TRACE,0,0,0,0,0,0,0,0,0,0,0,UNAVAILABLE,UNAVAILABLE,UNAVAILABLE,UNAVAILABLE,UNAVAILABLE,UNAVAILABLE,UNAVAILABLE
oversub,prefetch_adaptive_sequential,0.95,20260812T213700Z_timing_r2,GPU_EXT_PREFETCH_DECISION_TRACE,0,0,0,0,0,0,0,0,0,0,0,UNAVAILABLE,UNAVAILABLE,UNAVAILABLE,UNAVAILABLE,UNAVAILABLE,UNAVAILABLE,UNAVAILABLE
oversub,prefetch_adaptive_sequential,0.95,20260812T213723Z_timing_r3,GPU_EXT_PREFETCH_DECISION_TRACE,0,0,0,0,0,0,0,0,0,0,0,UNAVAILABLE,UNAVAILABLE,UNAVAILABLE,UNAVAILABLE,UNAVAILABLE,UNAVAILABLE,UNAVAILABLE
oversub,prefetch_adaptive_sequential,0.95,20260812T213746Z_trace_r1,GPU_EXT_PREFETCH_DECISION_TRACE,343591,343591,343591,0,0,0,343591,0,0,343591,0,196.6493214315858,220.0,245.0,0,245,511.9737449467535,196.6493214315858
oversub,prefetch_adaptive_sequential,1.05,20260813T103616Z_timing_r1,GPU_EXT_PREFETCH_DECISION_TRACE,0,0,0,0,0,0,0,0,0,0,0,UNAVAILABLE,UNAVAILABLE,UNAVAILABLE,UNAVAILABLE,UNAVAILABLE,UNAVAILABLE,UNAVAILABLE
oversub,prefetch_adaptive_sequential,1.05,20260813T103648Z_timing_r2,GPU_EXT_PREFETCH_DECISION_TRACE,0,0,0,0,0,0,0,0,0,0,0,UNAVAILABLE,UNAVAILABLE,UNAVAILABLE,UNAVAILABLE,UNAVAILABLE,UNAVAILABLE,UNAVAILABLE
oversub,prefetch_adaptive_sequential,1.05,20260813T103720Z_timing_r3,GPU_EXT_PREFETCH_DECISION_TRACE,0,0,0,0,0,0,0,0,0,0,0,UNAVAILABLE,UNAVAILABLE,UNAVAILABLE,UNAVAILABLE,UNAVAILABLE,UNAVAILABLE,UNAVAILABLE
oversub,prefetch_adaptive_sequential,1.05,20260813T103752Z_trace_r1,GPU_EXT_PREFETCH_DECISION_TRACE,858001,858001,858001,0,0,0,858001,0,0,858001,0,270.07448476167275,266.0,363.0,0,363,511.9976223803935,270.07448476167275
oversub,prefetch_adaptive_sequential,1.10,20260813T104513Z_timing_r1,GPU_EXT_PREFETCH_DECISION_TRACE,0,0,0,0,0,0,0,0,0,0,0,UNAVAILABLE,UNAVAILABLE,UNAVAILABLE,UNAVAILABLE,UNAVAILABLE,UNAVAILABLE,UNAVAILABLE
oversub,prefetch_adaptive_sequential,1.10,20260813T104547Z_timing_r2,GPU_EXT_PREFETCH_DECISION_TRACE,0,0,0,0,0,0,0,0,0,0,0,UNAVAILABLE,UNAVAILABLE,UNAVAILABLE,UNAVAILABLE,UNAVAILABLE,UNAVAILABLE,UNAVAILABLE
oversub,prefetch_adaptive_sequential,1.10,20260813T104620Z_timing_r3,GPU_EXT_PREFETCH_DECISION_TRACE,0,0,0,0,0,0,0,0,0,0,0,UNAVAILABLE,UNAVAILABLE,UNAVAILABLE,UNAVAILABLE,UNAVAILABLE,UNAVAILABLE,UNAVAILABLE
oversub,prefetch_adaptive_sequential,1.10,20260813T104653Z_trace_r1,GPU_EXT_PREFETCH_DECISION_TRACE,902921,902921,902921,0,0,0,902921,0,0,902921,0,289.28310671697744,322.0,337.0,0,337,511.9810526059312,289.28310671697744
oversub,prefetch_adaptive_sequential,1.10,20260813T104730Z_nsys_r1,GPU_EXT_PREFETCH_DECISION_TRACE,931016,931016,931016,0,0,0,931016,0,0,931016,0,271.86003892521717,266.0,348.0,0,348,511.9954887993332,271.86003892521717
oversub,prefetch_always_max,0.95,20260812T213510Z_timing_r1,GPU_EXT_PREFETCH_DECISION_TRACE,0,0,0,0,0,0,0,0,0,0,0,UNAVAILABLE,UNAVAILABLE,UNAVAILABLE,UNAVAILABLE,UNAVAILABLE,UNAVAILABLE,UNAVAILABLE
oversub,prefetch_always_max,0.95,20260812T213531Z_timing_r2,GPU_EXT_PREFETCH_DECISION_TRACE,0,0,0,0,0,0,0,0,0,0,0,UNAVAILABLE,UNAVAILABLE,UNAVAILABLE,UNAVAILABLE,UNAVAILABLE,UNAVAILABLE,UNAVAILABLE
oversub,prefetch_always_max,0.95,20260812T213553Z_timing_r3,GPU_EXT_PREFETCH_DECISION_TRACE,0,0,0,0,0,0,0,0,0,0,0,UNAVAILABLE,UNAVAILABLE,UNAVAILABLE,UNAVAILABLE,UNAVAILABLE,UNAVAILABLE,UNAVAILABLE
oversub,prefetch_always_max,0.95,20260812T213614Z_trace_r1,GPU_EXT_PREFETCH_DECISION_TRACE,22736,22736,22736,0,0,0,22736,0,0,22736,22736,511.9744018296974,512.0,512.0,221,512,511.9744018296974,511.9744018296974
oversub,prefetch_always_max,1.05,20260813T103417Z_timing_r1,GPU_EXT_PREFETCH_DECISION_TRACE,0,0,0,0,0,0,0,0,0,0,0,UNAVAILABLE,UNAVAILABLE,UNAVAILABLE,UNAVAILABLE,UNAVAILABLE,UNAVAILABLE,UNAVAILABLE
oversub,prefetch_always_max,1.05,20260813T103447Z_timing_r2,GPU_EXT_PREFETCH_DECISION_TRACE,0,0,0,0,0,0,0,0,0,0,0,UNAVAILABLE,UNAVAILABLE,UNAVAILABLE,UNAVAILABLE,UNAVAILABLE,UNAVAILABLE,UNAVAILABLE
oversub,prefetch_always_max,1.05,20260813T103516Z_timing_r3,GPU_EXT_PREFETCH_DECISION_TRACE,0,0,0,0,0,0,0,0,0,0,0,UNAVAILABLE,UNAVAILABLE,UNAVAILABLE,UNAVAILABLE,UNAVAILABLE,UNAVAILABLE,UNAVAILABLE
oversub,prefetch_always_max,1.05,20260813T103545Z_trace_r1,GPU_EXT_PREFETCH_DECISION_TRACE,51247,51247,51247,0,0,0,51247,0,0,51247,51247,511.9601927917732,512.0,512.0,2,512,511.9601927917732,511.9601927917732
oversub,prefetch_always_max,1.10,20260813T104230Z_timing_r1,GPU_EXT_PREFETCH_DECISION_TRACE,0,0,0,0,0,0,0,0,0,0,0,UNAVAILABLE,UNAVAILABLE,UNAVAILABLE,UNAVAILABLE,UNAVAILABLE,UNAVAILABLE,UNAVAILABLE
oversub,prefetch_always_max,1.10,20260813T104300Z_timing_r2,GPU_EXT_PREFETCH_DECISION_TRACE,0,0,0,0,0,0,0,0,0,0,0,UNAVAILABLE,UNAVAILABLE,UNAVAILABLE,UNAVAILABLE,UNAVAILABLE,UNAVAILABLE,UNAVAILABLE
oversub,prefetch_always_max,1.10,20260813T104331Z_timing_r3,GPU_EXT_PREFETCH_DECISION_TRACE,0,0,0,0,0,0,0,0,0,0,0,UNAVAILABLE,UNAVAILABLE,UNAVAILABLE,UNAVAILABLE,UNAVAILABLE,UNAVAILABLE,UNAVAILABLE
oversub,prefetch_always_max,1.10,20260813T104401Z_trace_r1,GPU_EXT_PREFETCH_DECISION_TRACE,54575,54575,54575,0,0,0,54575,0,0,54575,54575,511.9733211177279,512.0,512.0,148,512,511.9733211177279,511.9733211177279
oversub,prefetch_always_max,1.10,20260813T104433Z_nsys_r1,GPU_EXT_PREFETCH_DECISION_TRACE,54501,54501,54501,0,0,0,54501,0,0,54501,54501,511.99588998367,512.0,512.0,456,512,511.99588998367,511.99588998367
oversub,prefetch_none,0.95,20260812T212116Z_timing_r1,GPU_EXT_PREFETCH_DECISION_TRACE,0,0,0,0,0,0,0,0,0,0,0,UNAVAILABLE,UNAVAILABLE,UNAVAILABLE,UNAVAILABLE,UNAVAILABLE,UNAVAILABLE,UNAVAILABLE
oversub,prefetch_none,0.95,20260812T212421Z_timing_r2,GPU_EXT_PREFETCH_DECISION_TRACE,0,0,0,0,0,0,0,0,0,0,0,UNAVAILABLE,UNAVAILABLE,UNAVAILABLE,UNAVAILABLE,UNAVAILABLE,UNAVAILABLE,UNAVAILABLE
oversub,prefetch_none,0.95,20260812T212726Z_timing_r3,GPU_EXT_PREFETCH_DECISION_TRACE,0,0,0,0,0,0,0,0,0,0,0,UNAVAILABLE,UNAVAILABLE,UNAVAILABLE,UNAVAILABLE,UNAVAILABLE,UNAVAILABLE,UNAVAILABLE
oversub,prefetch_none,0.95,20260812T213029Z_trace_r1,GPU_EXT_PREFETCH_DECISION_TRACE,11640250,11640250,11640250,0,0,0,11640250,0,0,11640250,0,0.0,0.0,0.0,0,0,511.9889502373231,0.0
oversub,prefetch_none,1.05,20260812T214954Z_timing_r1,GPU_EXT_PREFETCH_DECISION_TRACE,0,0,0,0,0,0,0,0,0,0,0,UNAVAILABLE,UNAVAILABLE,UNAVAILABLE,UNAVAILABLE,UNAVAILABLE,UNAVAILABLE,UNAVAILABLE
trace_overhead,custom_no_policy,na,20260812T205144Z_timing_r1,GPU_EXT_PREFETCH_DECISION_TRACE,0,0,0,0,0,0,0,0,0,0,0,UNAVAILABLE,UNAVAILABLE,UNAVAILABLE,UNAVAILABLE,UNAVAILABLE,UNAVAILABLE,UNAVAILABLE
trace_overhead,custom_no_policy,na,20260812T205148Z_timing_r2,GPU_EXT_PREFETCH_DECISION_TRACE,0,0,0,0,0,0,0,0,0,0,0,UNAVAILABLE,UNAVAILABLE,UNAVAILABLE,UNAVAILABLE,UNAVAILABLE,UNAVAILABLE,UNAVAILABLE
trace_overhead,custom_no_policy,na,20260812T205151Z_timing_r3,GPU_EXT_PREFETCH_DECISION_TRACE,0,0,0,0,0,0,0,0,0,0,0,UNAVAILABLE,UNAVAILABLE,UNAVAILABLE,UNAVAILABLE,UNAVAILABLE,UNAVAILABLE,UNAVAILABLE
trace_overhead,custom_no_policy,na,20260812T205155Z_timing_r4,GPU_EXT_PREFETCH_DECISION_TRACE,0,0,0,0,0,0,0,0,0,0,0,UNAVAILABLE,UNAVAILABLE,UNAVAILABLE,UNAVAILABLE,UNAVAILABLE,UNAVAILABLE,UNAVAILABLE
trace_overhead,custom_no_policy,na,20260812T205159Z_timing_r5,GPU_EXT_PREFETCH_DECISION_TRACE,0,0,0,0,0,0,0,0,0,0,0,UNAVAILABLE,UNAVAILABLE,UNAVAILABLE,UNAVAILABLE,UNAVAILABLE,UNAVAILABLE,UNAVAILABLE
trace_overhead,custom_no_policy,na,20260812T205203Z_timing_r6,GPU_EXT_PREFETCH_DECISION_TRACE,0,0,0,0,0,0,0,0,0,0,0,UNAVAILABLE,UNAVAILABLE,UNAVAILABLE,UNAVAILABLE,UNAVAILABLE,UNAVAILABLE,UNAVAILABLE
trace_overhead,custom_no_policy,na,20260812T205206Z_timing_r7,GPU_EXT_PREFETCH_DECISION_TRACE,0,0,0,0,0,0,0,0,0,0,0,UNAVAILABLE,UNAVAILABLE,UNAVAILABLE,UNAVAILABLE,UNAVAILABLE,UNAVAILABLE,UNAVAILABLE
trace_overhead,custom_no_policy,na,20260812T205210Z_timing_r8,GPU_EXT_PREFETCH_DECISION_TRACE,0,0,0,0,0,0,0,0,0,0,0,UNAVAILABLE,UNAVAILABLE,UNAVAILABLE,UNAVAILABLE,UNAVAILABLE,UNAVAILABLE,UNAVAILABLE
trace_overhead,custom_no_policy,na,20260812T205214Z_timing_r9,GPU_EXT_PREFETCH_DECISION_TRACE,0,0,0,0,0,0,0,0,0,0,0,UNAVAILABLE,UNAVAILABLE,UNAVAILABLE,UNAVAILABLE,UNAVAILABLE,UNAVAILABLE,UNAVAILABLE
trace_overhead,custom_no_policy,na,20260812T205217Z_timing_r10,GPU_EXT_PREFETCH_DECISION_TRACE,0,0,0,0,0,0,0,0,0,0,0,UNAVAILABLE,UNAVAILABLE,UNAVAILABLE,UNAVAILABLE,UNAVAILABLE,UNAVAILABLE,UNAVAILABLE
trace_overhead,custom_no_policy,na,20260812T205221Z_trace_r1,GPU_EXT_PREFETCH_DECISION_TRACE,17005,17005,17005,0,0,17005,0,0,0,0,768,133.48826815642457,64.0,256.0,16,512,512.0,0.0
trace_overhead,custom_no_policy,na,20260812T205226Z_trace_r2,GPU_EXT_PREFETCH_DECISION_TRACE,17304,17304,17304,0,0,17304,0,0,0,0,768,130.86823855755895,64.0,256.0,16,512,512.0,0.0
trace_overhead,custom_no_policy,na,20260812T205230Z_trace_r3,GPU_EXT_PREFETCH_DECISION_TRACE,16774,16774,16774,0,0,16774,0,0,0,0,768,132.80934780016693,64.0,256.0,16,512,512.0,0.0
trace_overhead,custom_no_policy,na,20260812T205235Z_trace_r4,GPU_EXT_PREFETCH_DECISION_TRACE,17423,17423,17423,0,0,17423,0,0,0,0,768,134.58164495207484,64.0,256.0,16,512,512.0,0.0
trace_overhead,custom_no_policy,na,20260812T205239Z_trace_r5,GPU_EXT_PREFETCH_DECISION_TRACE,17417,17417,17417,0,0,17417,0,0,0,0,768,133.59545271860824,64.0,256.0,16,512,512.0,0.0
trace_overhead,custom_no_policy,na,20260812T205244Z_trace_r6,GPU_EXT_PREFETCH_DECISION_TRACE,17469,17469,17469,0,0,17469,0,0,0,0,768,133.6236762264583,64.0,256.0,16,512,512.0,0.0
trace_overhead,custom_no_policy,na,20260812T205249Z_trace_r7,GPU_EXT_PREFETCH_DECISION_TRACE,17159,17159,17159,0,0,17159,0,0,0,0,768,131.73728072731512,64.0,256.0,16,512,512.0,0.0
trace_overhead,custom_no_policy,na,20260812T205253Z_trace_r8,GPU_EXT_PREFETCH_DECISION_TRACE,17525,17525,17525,0,0,17525,0,0,0,0,768,132.61968616262482,64.0,256.0,16,512,512.0,0.0
trace_overhead,custom_no_policy,na,20260812T205258Z_trace_r9,GPU_EXT_PREFETCH_DECISION_TRACE,17192,17192,17192,0,0,17192,0,0,0,0,768,130.561191251745,64.0,256.0,16,512,512.0,0.0
trace_overhead,custom_no_policy,na,20260812T205303Z_trace_r10,GPU_EXT_PREFETCH_DECISION_TRACE,17147,17147,17147,0,0,17147,0,0,0,0,768,132.09447716801773,64.0,256.0,16,512,512.0,0.0
trace_semantics,custom_no_policy,na,20260812T205422Z_timing_r1,GPU_EXT_PREFETCH_DECISION_TRACE,0,0,0,0,0,0,0,0,0,0,0,UNAVAILABLE,UNAVAILABLE,UNAVAILABLE,UNAVAILABLE,UNAVAILABLE,UNAVAILABLE,UNAVAILABLE
trace_semantics,custom_no_policy,na,20260812T205426Z_timing_r2,GPU_EXT_PREFETCH_DECISION_TRACE,0,0,0,0,0,0,0,0,0,0,0,UNAVAILABLE,UNAVAILABLE,UNAVAILABLE,UNAVAILABLE,UNAVAILABLE,UNAVAILABLE,UNAVAILABLE
trace_semantics,custom_no_policy,na,20260812T205429Z_timing_r3,GPU_EXT_PREFETCH_DECISION_TRACE,0,0,0,0,0,0,0,0,0,0,0,UNAVAILABLE,UNAVAILABLE,UNAVAILABLE,UNAVAILABLE,UNAVAILABLE,UNAVAILABLE,UNAVAILABLE
trace_semantics,custom_no_policy,na,20260812T205433Z_timing_r4,GPU_EXT_PREFETCH_DECISION_TRACE,0,0,0,0,0,0,0,0,0,0,0,UNAVAILABLE,UNAVAILABLE,UNAVAILABLE,UNAVAILABLE,UNAVAILABLE,UNAVAILABLE,UNAVAILABLE
trace_semantics,custom_no_policy,na,20260812T205437Z_timing_r5,GPU_EXT_PREFETCH_DECISION_TRACE,0,0,0,0,0,0,0,0,0,0,0,UNAVAILABLE,UNAVAILABLE,UNAVAILABLE,UNAVAILABLE,UNAVAILABLE,UNAVAILABLE,UNAVAILABLE
trace_semantics,custom_no_policy,na,20260812T205440Z_trace_r1,GPU_EXT_PREFETCH_DECISION_TRACE,17621,17621,17621,0,0,17621,0,0,0,0,768,134.92174110436412,64.0,256.0,16,512,512.0,0.0
trace_semantics,custom_no_policy,na,20260812T205445Z_trace_r2,GPU_EXT_PREFETCH_DECISION_TRACE,17210,17210,17210,0,0,17210,0,0,0,0,768,130.96106914584544,64.0,256.0,16,512,512.0,0.0
trace_semantics,custom_no_policy,na,20260812T205450Z_trace_r3,GPU_EXT_PREFETCH_DECISION_TRACE,17604,17604,17604,0,0,17604,0,0,0,0,768,132.1854124062713,64.0,256.0,16,512,512.0,0.0
trace_semantics,custom_no_policy,na,20260812T205454Z_nsys_r1,GPU_EXT_PREFETCH_DECISION_TRACE,19179,19179,19179,0,0,19179,0,0,0,0,768,139.17138536941445,128.0,256.0,16,512,512.0,0.0
trace_semantics,prefetch_adaptive_sequential,na,20260812T205728Z_timing_r1,GPU_EXT_PREFETCH_DECISION_TRACE,0,0,0,0,0,0,0,0,0,0,0,UNAVAILABLE,UNAVAILABLE,UNAVAILABLE,UNAVAILABLE,UNAVAILABLE,UNAVAILABLE,UNAVAILABLE
trace_semantics,prefetch_adaptive_sequential,na,20260812T205734Z_timing_r2,GPU_EXT_PREFETCH_DECISION_TRACE,0,0,0,0,0,0,0,0,0,0,0,UNAVAILABLE,UNAVAILABLE,UNAVAILABLE,UNAVAILABLE,UNAVAILABLE,UNAVAILABLE,UNAVAILABLE
trace_semantics,prefetch_adaptive_sequential,na,20260812T205739Z_timing_r3,GPU_EXT_PREFETCH_DECISION_TRACE,0,0,0,0,0,0,0,0,0,0,0,UNAVAILABLE,UNAVAILABLE,UNAVAILABLE,UNAVAILABLE,UNAVAILABLE,UNAVAILABLE,UNAVAILABLE
trace_semantics,prefetch_adaptive_sequential,na,20260812T205745Z_timing_r4,GPU_EXT_PREFETCH_DECISION_TRACE,0,0,0,0,0,0,0,0,0,0,0,UNAVAILABLE,UNAVAILABLE,UNAVAILABLE,UNAVAILABLE,UNAVAILABLE,UNAVAILABLE,UNAVAILABLE
trace_semantics,prefetch_adaptive_sequential,na,20260812T205751Z_timing_r5,GPU_EXT_PREFETCH_DECISION_TRACE,0,0,0,0,0,0,0,0,0,0,0,UNAVAILABLE,UNAVAILABLE,UNAVAILABLE,UNAVAILABLE,UNAVAILABLE,UNAVAILABLE,UNAVAILABLE
trace_semantics,prefetch_adaptive_sequential,na,20260812T205756Z_trace_r1,GPU_EXT_PREFETCH_DECISION_TRACE,12349,12349,12349,0,0,0,12349,0,0,12349,0,187.8496234512916,220.0,220.0,0,220,512.0,187.8496234512916
trace_semantics,prefetch_adaptive_sequential,na,20260812T205802Z_trace_r2,GPU_EXT_PREFETCH_DECISION_TRACE,11520,11520,11520,0,0,0,11520,0,0,11520,0,192.17361111111111,225.0,225.0,0,225,512.0,192.17361111111111
trace_semantics,prefetch_adaptive_sequential,na,20260812T205807Z_trace_r3,GPU_EXT_PREFETCH_DECISION_TRACE,11106,11106,11106,0,0,0,11106,0,0,11106,0,194.79443544030255,230.0,230.0,0,230,512.0,194.79443544030255
trace_semantics,prefetch_adaptive_sequential,na,20260812T205812Z_nsys_r1,GPU_EXT_PREFETCH_DECISION_TRACE,15014,15014,15014,0,0,0,15014,0,0,15014,0,148.90522179299322,153.0,153.0,0,153,512.0,148.90522179299322
trace_semantics,prefetch_always_max,na,20260812T205641Z_timing_r1,GPU_EXT_PREFETCH_DECISION_TRACE,0,0,0,0,0,0,0,0,0,0,0,UNAVAILABLE,UNAVAILABLE,UNAVAILABLE,UNAVAILABLE,UNAVAILABLE,UNAVAILABLE,UNAVAILABLE
trace_semantics,prefetch_always_max,na,20260812T205646Z_timing_r2,GPU_EXT_PREFETCH_DECISION_TRACE,0,0,0,0,0,0,0,0,0,0,0,UNAVAILABLE,UNAVAILABLE,UNAVAILABLE,UNAVAILABLE,UNAVAILABLE,UNAVAILABLE,UNAVAILABLE
trace_semantics,prefetch_always_max,na,20260812T205650Z_timing_r3,GPU_EXT_PREFETCH_DECISION_TRACE,0,0,0,0,0,0,0,0,0,0,0,UNAVAILABLE,UNAVAILABLE,UNAVAILABLE,UNAVAILABLE,UNAVAILABLE,UNAVAILABLE,UNAVAILABLE
trace_semantics,prefetch_always_max,na,20260812T205655Z_timing_r4,GPU_EXT_PREFETCH_DECISION_TRACE,0,0,0,0,0,0,0,0,0,0,0,UNAVAILABLE,UNAVAILABLE,UNAVAILABLE,UNAVAILABLE,UNAVAILABLE,UNAVAILABLE,UNAVAILABLE
trace_semantics,prefetch_always_max,na,20260812T205659Z_timing_r5,GPU_EXT_PREFETCH_DECISION_TRACE,0,0,0,0,0,0,0,0,0,0,0,UNAVAILABLE,UNAVAILABLE,UNAVAILABLE,UNAVAILABLE,UNAVAILABLE,UNAVAILABLE,UNAVAILABLE
trace_semantics,prefetch_always_max,na,20260812T205703Z_trace_r1,GPU_EXT_PREFETCH_DECISION_TRACE,768,768,768,0,0,0,768,0,0,768,768,512.0,512.0,512.0,512,512,512.0,512.0
trace_semantics,prefetch_always_max,na,20260812T205709Z_trace_r2,GPU_EXT_PREFETCH_DECISION_TRACE,768,768,768,0,0,0,768,0,0,768,768,512.0,512.0,512.0,512,512,512.0,512.0
trace_semantics,prefetch_always_max,na,20260812T205714Z_trace_r3,GPU_EXT_PREFETCH_DECISION_TRACE,768,768,768,0,0,0,768,0,0,768,768,512.0,512.0,512.0,512,512,512.0,512.0
trace_semantics,prefetch_always_max,na,20260812T205719Z_nsys_r1,GPU_EXT_PREFETCH_DECISION_TRACE,768,768,768,0,0,0,768,0,0,768,768,512.0,512.0,512.0,512,512,512.0,512.0
trace_semantics,prefetch_none,na,20260812T205503Z_timing_r1,GPU_EXT_PREFETCH_DECISION_TRACE,0,0,0,0,0,0,0,0,0,0,0,UNAVAILABLE,UNAVAILABLE,UNAVAILABLE,UNAVAILABLE,UNAVAILABLE,UNAVAILABLE,UNAVAILABLE
trace_semantics,prefetch_none,na,20260812T205511Z_timing_r2,GPU_EXT_PREFETCH_DECISION_TRACE,0,0,0,0,0,0,0,0,0,0,0,UNAVAILABLE,UNAVAILABLE,UNAVAILABLE,UNAVAILABLE,UNAVAILABLE,UNAVAILABLE,UNAVAILABLE
trace_semantics,prefetch_none,na,20260812T205519Z_timing_r3,GPU_EXT_PREFETCH_DECISION_TRACE,0,0,0,0,0,0,0,0,0,0,0,UNAVAILABLE,UNAVAILABLE,UNAVAILABLE,UNAVAILABLE,UNAVAILABLE,UNAVAILABLE,UNAVAILABLE
trace_semantics,prefetch_none,na,20260812T205527Z_timing_r4,GPU_EXT_PREFETCH_DECISION_TRACE,0,0,0,0,0,0,0,0,0,0,0,UNAVAILABLE,UNAVAILABLE,UNAVAILABLE,UNAVAILABLE,UNAVAILABLE,UNAVAILABLE,UNAVAILABLE
trace_semantics,prefetch_none,na,20260812T205535Z_timing_r5,GPU_EXT_PREFETCH_DECISION_TRACE,0,0,0,0,0,0,0,0,0,0,0,UNAVAILABLE,UNAVAILABLE,UNAVAILABLE,UNAVAILABLE,UNAVAILABLE,UNAVAILABLE,UNAVAILABLE
trace_semantics,prefetch_none,na,20260812T205543Z_trace_r1,GPU_EXT_PREFETCH_DECISION_TRACE,393216,393216,393216,0,0,0,393216,0,0,393216,0,0.0,0.0,0.0,0,0,512.0,0.0
trace_semantics,prefetch_none,na,20260812T205554Z_trace_r2,GPU_EXT_PREFETCH_DECISION_TRACE,393216,393216,393216,0,0,0,393216,0,0,393216,0,0.0,0.0,0.0,0,0,512.0,0.0
trace_semantics,prefetch_none,na,20260812T205605Z_trace_r3,GPU_EXT_PREFETCH_DECISION_TRACE,393216,393216,393216,0,0,0,393216,0,0,393216,0,0.0,0.0,0.0,0,0,512.0,0.0
trace_semantics,prefetch_none,na,20260812T205615Z_nsys_r1,GPU_EXT_PREFETCH_DECISION_TRACE,393216,393216,393216,0,0,0,393216,0,0,393216,0,0.0,0.0,0.0,0,0,512.0,0.0
